{
  "0296e9b6-3f0f-4c8d-8b57-7360a90e8894": {
    "start": 1751503274.735538
  },
  "035e09f5-f197-490a-8724-ee31b893f255": {
    "start": 1751504434.59132,
    "avatar": 6,
    "saved": [
      "Crystal Shard",
      "Ancient Artifact"
    ]
  },
  "9c33d88b-a090-4c74-86d3-3a72283d460e": {
    "start": 1751508648.737229
  },
  "ec38a767-acc3-413d-a853-0355ee04d652": {
    "start": 1751508772.735358,
    "saved": [
      "Ancient Artifact",
      "Ancient Artifact",
      "Healing Water"
    ]
  }
}