{
  "97daa51b-06c5-495c-9276-6e98a6451283": {
    "start": 1752581220.489881,
    "avatar": 1,
    "saved": [
      "left_of_hq/2a.mp4",
      "fish_restaurant/21a.mp4",
      "underwater/31a.mp4"
    ]
  },
  "5d827c58-3b69-4e1b-a8a8-076bafe856a4": {
    "start": 1752690657.697855,
    "avatar": 2
  }
}